id,label
5,automobile
6,automobile
33,automobile
45,automobile
46,automobile
47,automobile
61,automobile
62,automobile
65,automobile
66,automobile
76,automobile
80,automobile
95,automobile
97,automobile
98,automobile
100,automobile
106,automobile
113,automobile
120,automobile
127,automobile
135,automobile
137,automobile
138,automobile
141,automobile
161,automobile
169,automobile
177,automobile
185,automobile
202,automobile
207,automobile
213,automobile
227,automobile
228,automobile
237,automobile
239,automobile
251,automobile
256,automobile
258,automobile
262,automobile
263,automobile
276,automobile
283,automobile
302,automobile
303,automobile
305,automobile
312,automobile
313,automobile
324,automobile
326,automobile
331,automobile
355,automobile
365,automobile
376,automobile
390,automobile
394,automobile
397,automobile
428,automobile
433,automobile
455,automobile
462,automobile
467,automobile
483,automobile
487,automobile
494,automobile
499,automobile
507,automobile
525,automobile
537,automobile
548,automobile
562,automobile
566,automobile
569,automobile
577,automobile
579,automobile
591,automobile
594,automobile
600,automobile
607,automobile
618,automobile
645,automobile
677,automobile
691,automobile
700,automobile
715,automobile
744,automobile
748,automobile
754,automobile
762,automobile
773,automobile
816,automobile
824,automobile
834,automobile
835,automobile
836,automobile
841,automobile
842,automobile
849,automobile
856,automobile
874,automobile
875,automobile
880,automobile
894,automobile
918,automobile
937,automobile
943,automobile
948,automobile
963,automobile
978,automobile
979,automobile
981,automobile
992,automobile
998,automobile
1007,automobile
1021,automobile
1022,automobile
1030,automobile
1038,automobile
1053,automobile
1065,automobile
1069,automobile
1080,automobile
1091,automobile
1096,automobile
1104,automobile
1146,automobile
1154,automobile
1171,automobile
1241,automobile
1243,automobile
1252,automobile
1288,automobile
1294,automobile
1302,automobile
1305,automobile
1306,automobile
1321,automobile
1357,automobile
1365,automobile
1378,automobile
1381,automobile
1390,automobile
1395,automobile
1409,automobile
1411,automobile
1414,automobile
1422,automobile
1447,automobile
1449,automobile
1456,automobile
1465,automobile
1477,automobile
1495,automobile
1503,automobile
1521,automobile
1542,automobile
1548,automobile
1549,automobile
1552,automobile
1560,automobile
1566,automobile
1571,automobile
1572,automobile
1575,automobile
1579,automobile
1587,automobile
1600,automobile
1605,automobile
1606,automobile
1612,automobile
1622,automobile
1632,automobile
1652,automobile
1661,automobile
1682,automobile
1690,automobile
1695,automobile
1708,automobile
1725,automobile
1732,automobile
1737,automobile
1748,automobile
1782,automobile
1791,automobile
1800,automobile
1821,automobile
1870,automobile
1902,automobile
1908,automobile
1947,automobile
1974,automobile
1986,automobile
2006,automobile
2024,automobile
2030,automobile
2038,automobile
2039,automobile
2040,automobile
2047,automobile
2053,automobile
2068,automobile
2073,automobile
2085,automobile
2095,automobile
2102,automobile
2119,automobile
2144,automobile
2150,automobile
2154,automobile
2174,automobile
2181,automobile
2185,automobile
2186,automobile
2187,automobile
2201,automobile
2205,automobile
2228,automobile
2250,automobile
2251,automobile
2260,automobile
2269,automobile
2281,automobile
2284,automobile
2287,automobile
2290,automobile
2307,automobile
2319,automobile
2321,automobile
2329,automobile
2340,automobile
2363,automobile
2390,automobile
2391,automobile
2395,automobile
2423,automobile
2429,automobile
2432,automobile
2434,automobile
2446,automobile
2456,automobile
2457,automobile
2467,automobile
2470,automobile
2497,automobile
2512,automobile
2546,automobile
2569,automobile
2570,automobile
2571,automobile
2583,automobile
2585,automobile
2588,automobile
2589,automobile
2598,automobile
2601,automobile
2616,automobile
2629,automobile
2631,automobile
2657,automobile
2662,automobile
2728,automobile
2732,automobile
2753,automobile
2754,automobile
2757,automobile
2763,automobile
2766,automobile
2770,automobile
2772,automobile
2776,automobile
2796,automobile
2801,automobile
2803,automobile
2826,automobile
2828,automobile
2829,automobile
2838,automobile
2842,automobile
2845,automobile
2850,automobile
2852,automobile
2863,automobile
2884,automobile
2888,automobile
2911,automobile
2929,automobile
2959,automobile
2995,automobile
3010,automobile
3021,automobile
3026,automobile
3035,automobile
3060,automobile
3063,automobile
3065,automobile
3073,automobile
3079,automobile
3086,automobile
3104,automobile
3121,automobile
3132,automobile
3143,automobile
3184,automobile
3213,automobile
3231,automobile
3232,automobile
3234,automobile
3239,automobile
3258,automobile
3274,automobile
3286,automobile
3316,automobile
3328,automobile
3347,automobile
3367,automobile
3379,automobile
3380,automobile
3387,automobile
3388,automobile
3400,automobile
3405,automobile
3415,automobile
3416,automobile
3445,automobile
3453,automobile
3468,automobile
3484,automobile
3486,automobile
3506,automobile
3513,automobile
3524,automobile
3556,automobile
3602,automobile
3606,automobile
3621,automobile
3660,automobile
3662,automobile
3679,automobile
3728,automobile
3735,automobile
3736,automobile
3744,automobile
3745,automobile
3774,automobile
3780,automobile
3782,automobile
3809,automobile
3823,automobile
3828,automobile
3831,automobile
3837,automobile
3841,automobile
3852,automobile
3872,automobile
3887,automobile
3900,automobile
3908,automobile
3912,automobile
3923,automobile
3925,automobile
3935,automobile
3936,automobile
3938,automobile
3955,automobile
3985,automobile
3991,automobile
3993,automobile
4007,automobile
4012,automobile
4014,automobile
4022,automobile
4040,automobile
4041,automobile
4048,automobile
4051,automobile
4085,automobile
4100,automobile
4101,automobile
4102,automobile
4133,automobile
4146,automobile
4172,automobile
4173,automobile
4186,automobile
4201,automobile
4207,automobile
4231,automobile
4245,automobile
4251,automobile
4262,automobile
4266,automobile
4300,automobile
4327,automobile
4328,automobile
4333,automobile
4335,automobile
4353,automobile
4355,automobile
4359,automobile
4361,automobile
4364,automobile
4380,automobile
4386,automobile
4391,automobile
4424,automobile
4444,automobile
4445,automobile
4459,automobile
4460,automobile
4465,automobile
4493,automobile
4497,automobile
4501,automobile
4506,automobile
4518,automobile
4529,automobile
4534,automobile
4554,automobile
4558,automobile
4561,automobile
4563,automobile
4566,automobile
4579,automobile
4586,automobile
4592,automobile
4608,automobile
4610,automobile
4616,automobile
4625,automobile
4626,automobile
4632,automobile
4637,automobile
4649,automobile
4655,automobile
4662,automobile
4665,automobile
4697,automobile
4740,automobile
4763,automobile
4765,automobile
4770,automobile
4776,automobile
4798,automobile
4804,automobile
4841,automobile
4857,automobile
4859,automobile
4867,automobile
4910,automobile
4918,automobile
4928,automobile
4933,automobile
4943,automobile
4945,automobile
4946,automobile
4950,automobile
4954,automobile
4959,automobile
4978,automobile
4984,automobile
4994,automobile
5015,automobile
5022,automobile
5053,automobile
5071,automobile
5077,automobile
5085,automobile
5100,automobile
5103,automobile
5113,automobile
5126,automobile
5138,automobile
5145,automobile
5147,automobile
5150,automobile
5158,automobile
5172,automobile
5182,automobile
5196,automobile
5197,automobile
5198,automobile
5203,automobile
5208,automobile
5212,automobile
5225,automobile
5233,automobile
5237,automobile
5244,automobile
5248,automobile
5258,automobile
5262,automobile
5283,automobile
5288,automobile
5302,automobile
5312,automobile
5335,automobile
5338,automobile
5345,automobile
5357,automobile
5388,automobile
5393,automobile
4,deer
11,deer
21,deer
29,deer
35,deer
59,deer
67,deer
83,deer
87,deer
90,deer
99,deer
131,deer
146,deer
150,deer
154,deer
159,deer
163,deer
176,deer
181,deer
248,deer
255,deer
264,deer
269,deer
273,deer
297,deer
300,deer
311,deer
337,deer
344,deer
346,deer
347,deer
364,deer
373,deer
379,deer
382,deer
391,deer
399,deer
400,deer
415,deer
421,deer
430,deer
435,deer
436,deer
448,deer
450,deer
459,deer
478,deer
485,deer
490,deer
491,deer
506,deer
521,deer
522,deer
527,deer
529,deer
544,deer
550,deer
564,deer
573,deer
582,deer
617,deer
622,deer
623,deer
633,deer
643,deer
661,deer
662,deer
666,deer
670,deer
675,deer
678,deer
694,deer
706,deer
712,deer
713,deer
726,deer
759,deer
765,deer
781,deer
817,deer
832,deer
845,deer
857,deer
869,deer
877,deer
888,deer
905,deer
926,deer
931,deer
935,deer
940,deer
946,deer
947,deer
952,deer
960,deer
967,deer
977,deer
980,deer
983,deer
1002,deer
1005,deer
1006,deer
1008,deer
1019,deer
1023,deer
1070,deer
1144,deer
1149,deer
1159,deer
1170,deer
1183,deer
1204,deer
1213,deer
1222,deer
1226,deer
1239,deer
1255,deer
1257,deer
1265,deer
1269,deer
1270,deer
1285,deer
1295,deer
1298,deer
1300,deer
1304,deer
1311,deer
1312,deer
1313,deer
1314,deer
1316,deer
1325,deer
1334,deer
1340,deer
1348,deer
1349,deer
1350,deer
1351,deer
1367,deer
1374,deer
1386,deer
1388,deer
1389,deer
1397,deer
1407,deer
1408,deer
1426,deer
1436,deer
1451,deer
1452,deer
1458,deer
1472,deer
1492,deer
1510,deer
1517,deer
1527,deer
1536,deer
1558,deer
1570,deer
1576,deer
1596,deer
1616,deer
1624,deer
1625,deer
1631,deer
1640,deer
1641,deer
1645,deer
1655,deer
1658,deer
1660,deer
1664,deer
1667,deer
1668,deer
1693,deer
1696,deer
1705,deer
1713,deer
1729,deer
1740,deer
1747,deer
1763,deer
1785,deer
1792,deer
1796,deer
1805,deer
1814,deer
1815,deer
1818,deer
1827,deer
1833,deer
1852,deer
1856,deer
1864,deer
1867,deer
1871,deer
1881,deer
1882,deer
1883,deer
1890,deer
1904,deer
1905,deer
1911,deer
1924,deer
1926,deer
1935,deer
1938,deer
1942,deer
1953,deer
1954,deer
1969,deer
1975,deer
1985,deer
1993,deer
2057,deer
2070,deer
2079,deer
2086,deer
2089,deer
2106,deer
2107,deer
2117,deer
2123,deer
2124,deer
2132,deer
2145,deer
2156,deer
2176,deer
2179,deer
2191,deer
2197,deer
2211,deer
2214,deer
2217,deer
2226,deer
2235,deer
2236,deer
2239,deer
2246,deer
2254,deer
2258,deer
2283,deer
2294,deer
2298,deer
2301,deer
2305,deer
2328,deer
2330,deer
2364,deer
2386,deer
2403,deer
2416,deer
2419,deer
2420,deer
2443,deer
2445,deer
2451,deer
2462,deer
2466,deer
2486,deer
2487,deer
2489,deer
2516,deer
2521,deer
2529,deer
2545,deer
2574,deer
2577,deer
2581,deer
2592,deer
2630,deer
2648,deer
2655,deer
2673,deer
2674,deer
2692,deer
2696,deer
2704,deer
2706,deer
2711,deer
2713,deer
2726,deer
2735,deer
2780,deer
2788,deer
2793,deer
2812,deer
2822,deer
2831,deer
2833,deer
2836,deer
2840,deer
2843,deer
2857,deer
2859,deer
2897,deer
2900,deer
2901,deer
2905,deer
2906,deer
2912,deer
2914,deer
2922,deer
2923,deer
2927,deer
2944,deer
2952,deer
2977,deer
2991,deer
2996,deer
3000,deer
3002,deer
3028,deer
3031,deer
3037,deer
3045,deer
3047,deer
3078,deer
3090,deer
3113,deer
3117,deer
3134,deer
3142,deer
3146,deer
3167,deer
3177,deer
3183,deer
3190,deer
3218,deer
3220,deer
3226,deer
3237,deer
3253,deer
3261,deer
3284,deer
3289,deer
3297,deer
3301,deer
3307,deer
3309,deer
3315,deer
3323,deer
3327,deer
3355,deer
3361,deer
3378,deer
3384,deer
3394,deer
3398,deer
3409,deer
3419,deer
3434,deer
3443,deer
3446,deer
3461,deer
3465,deer
3466,deer
3495,deer
3508,deer
3510,deer
3520,deer
3523,deer
3528,deer
3534,deer
3539,deer
3540,deer
3541,deer
3557,deer
3560,deer
3561,deer
3567,deer
3578,deer
3588,deer
3600,deer
3613,deer
3631,deer
3636,deer
3665,deer
3669,deer
3685,deer
3688,deer
3689,deer
3691,deer
3696,deer
3718,deer
3719,deer
3724,deer
3733,deer
3737,deer
3751,deer
3758,deer
3760,deer
3762,deer
3777,deer
3785,deer
3798,deer
3799,deer
3803,deer
3817,deer
3822,deer
3840,deer
3856,deer
3863,deer
3867,deer
3869,deer
3873,deer
3880,deer
3898,deer
3909,deer
3914,deer
3920,deer
3926,deer
3937,deer
3946,deer
3949,deer
3953,deer
3958,deer
3971,deer
3974,deer
3982,deer
3986,deer
4000,deer
4033,deer
4044,deer
4054,deer
4056,deer
4058,deer
4059,deer
4064,deer
4104,deer
4105,deer
4107,deer
4130,deer
4138,deer
4157,deer
4159,deer
4174,deer
4176,deer
4183,deer
4185,deer
4194,deer
4196,deer
4200,deer
4213,deer
4214,deer
4220,deer
4225,deer
4228,deer
4232,deer
4233,deer
4263,deer
4264,deer
4281,deer
4287,deer
4291,deer
4297,deer
4298,deer
4302,deer
4306,deer
4308,deer
4318,deer
4324,deer
4329,deer
4360,deer
4382,deer
4383,deer
4385,deer
4395,deer
4396,deer
4401,deer
4414,deer
4430,deer
4439,deer
4448,deer
4498,deer
4504,deer
4528,deer
4562,deer
4574,deer
4615,deer
4641,deer
4643,deer
4661,deer
4667,deer
4682,deer
4688,deer
4696,deer
4708,deer
4710,deer
4711,deer
4716,deer
4726,deer
4739,deer
4742,deer
4745,deer
4751,deer
4754,deer
4757,deer
4764,deer
4774,deer
4782,deer
4802,deer
4840,deer
4847,deer
4858,deer
4865,deer
4886,deer
4906,deer
4911,deer
4925,deer
4944,deer
4963,deer
4970,deer
4974,deer
4979,deer
4986,deer
4988,deer
4990,deer
4999,deer
5030,deer
5039,deer
5043,deer
5052,deer
5064,deer
5068,deer
5075,deer
5076,deer
5120,deer
5142,deer
5144,deer
5174,deer
5179,deer
5180,deer
5181,deer
5188,deer
5194,deer
5213,deer
5215,deer
5226,deer
5228,deer
5230,deer
5238,deer
5257,deer
5260,deer
5265,deer
5286,deer
5290,deer
5299,deer
5343,deer
5346,deer
5348,deer
5351,deer
5359,deer
5365,deer
5406,deer
5435,deer
5441,deer
5443,deer
5452,deer
5463,deer
5487,deer
5489,deer
5491,deer
5492,deer
5496,deer
5502,deer
5515,deer
5549,deer
5571,deer
5582,deer
5595,deer
5608,deer
5620,deer
5625,deer
5626,deer
5632,deer
5634,deer
5654,deer
5670,deer
5677,deer
5678,deer
5705,deer
5707,deer
5722,deer
5727,deer
5740,deer
5743,deer
5755,deer
5757,deer
5769,deer
5787,deer
5789,deer
5791,deer
5814,deer
5816,deer
5827,deer
5830,deer
5845,deer
5881,deer
5895,deer
5903,deer
5909,deer
5910,deer
5920,deer
5932,deer
5941,deer
5945,deer
5947,deer
5951,deer
5958,deer
5999,deer
6008,deer
6010,deer
6022,deer
6023,deer
6028,deer
6040,deer
6050,deer
6057,deer
6081,deer
6085,deer
6104,deer
6111,deer
6116,deer
6129,deer
6145,deer
6169,deer
6174,deer
6176,deer
6181,deer
6182,deer
6204,deer
6205,deer
6207,deer
6212,deer
6213,deer
6215,deer
6235,deer
6244,deer
6250,deer
6252,deer
6267,deer
6271,deer
6275,deer
6281,deer
6282,deer
6290,deer
6293,deer
6299,deer
6304,deer
6312,deer
6315,deer
6332,deer
6340,deer
6345,deer
6362,deer
6379,deer
6388,deer
6390,deer
6411,deer
6416,deer
6422,deer
6433,deer
6438,deer
6451,deer
6453,deer
6466,deer
6473,deer
6476,deer
6486,deer
6499,deer
6506,deer
6510,deer
6525,deer
6528,deer
6533,deer
6536,deer
6561,deer
6563,deer
6570,deer
6587,deer
6592,deer
6595,deer
6604,deer
6606,deer
6612,deer
6613,deer
6614,deer
6637,deer
6653,deer
6655,deer
6682,deer
6711,deer
6721,deer
6771,deer
6781,deer
6786,deer
6810,deer
6839,deer
6841,deer
6845,deer
6853,deer
6864,deer
6876,deer
6878,deer
6880,deer
6892,deer
6895,deer
6898,deer
6908,deer
6912,deer
6925,deer
6941,deer
6944,deer
6951,deer
6984,deer
6986,deer
6991,deer
6994,deer
7025,deer
7036,deer
7044,deer
7053,deer
7055,deer
7059,deer
7060,deer
7063,deer
7079,deer
7098,deer
7100,deer
7101,deer
7111,deer
7120,deer
7155,deer
7156,deer
7164,deer
7189,deer
7207,deer
7208,deer
7219,deer
7270,deer
7275,deer
7284,deer
7296,deer
7297,deer
7302,deer
7318,deer
7323,deer
7357,deer
7360,deer
1284,bird
1286,bird
1289,bird
1292,bird
1296,bird
1308,bird
1329,bird
1335,bird
1355,bird
1360,bird
1373,bird
1410,bird
1416,bird
1431,bird
1439,bird
1441,bird
1444,bird
1445,bird
1459,bird
1476,bird
1479,bird
1493,bird
1498,bird
1501,bird
1502,bird
1524,bird
1528,bird
1531,bird
1533,bird
1534,bird
1543,bird
1567,bird
1577,bird
1607,bird
1610,bird
1615,bird
1621,bird
1642,bird
1671,bird
1676,bird
1677,bird
1678,bird
1694,bird
1706,bird
1728,bird
1746,bird
1753,bird
1754,bird
1757,bird
1769,bird
1778,bird
1788,bird
1789,bird
1790,bird
1793,bird
1794,bird
1799,bird
1801,bird
1813,bird
1819,bird
1831,bird
1839,bird
1845,bird
1851,bird
1853,bird
1862,bird
1868,bird
1884,bird
1885,bird
1919,bird
1922,bird
1930,bird
1933,bird
1937,bird
1972,bird
1982,bird
1991,bird
1996,bird
2005,bird
2008,bird
2034,bird
2042,bird
2045,bird
2063,bird
2077,bird
2080,bird
2081,bird
2088,bird
2091,bird
2092,bird
2094,bird
2099,bird
2115,bird
2122,bird
2127,bird
2134,bird
2137,bird
2139,bird
2164,bird
2178,bird
2192,bird
2194,bird
2203,bird
2206,bird
2218,bird
2225,bird
2231,bird
2238,bird
2248,bird
2270,bird
2292,bird
2316,bird
2318,bird
2341,bird
2344,bird
2347,bird
2350,bird
2355,bird
2373,bird
2378,bird
2379,bird
2388,bird
2394,bird
2409,bird
2437,bird
2468,bird
2471,bird
2477,bird
2485,bird
2492,bird
2508,bird
2515,bird
2534,bird
2536,bird
2538,bird
2539,bird
2541,bird
2544,bird
2547,bird
2551,bird
2558,bird
2562,bird
2568,bird
2576,bird
2590,bird
2596,bird
2611,bird
2620,bird
2627,bird
2642,bird
2679,bird
2683,bird
2694,bird
2699,bird
2703,bird
2705,bird
2709,bird
2720,bird
2738,bird
2742,bird
2743,bird
2745,bird
2760,bird
2761,bird
2765,bird
2773,bird
2785,bird
2790,bird
2792,bird
2800,bird
2813,bird
2817,bird
2827,bird
2834,bird
2847,bird
2855,bird
2861,bird
2868,bird
2869,bird
2870,bird
2871,bird
2876,bird
2879,bird
2895,bird
2903,bird
2908,bird
2928,bird
2937,bird
2939,bird
2949,bird
2958,bird
2967,bird
2972,bird
2976,bird
2984,bird
2989,bird
2994,bird
3013,bird
3020,bird
3038,bird
3069,bird
3075,bird
3102,bird
3118,bird
3119,bird
3120,bird
3162,bird
3165,bird
3182,bird
3186,bird
3194,bird
3197,bird
3206,bird
3211,bird
3227,bird
3236,bird
3246,bird
3254,bird
3255,bird
3260,bird
3275,bird
3282,bird
3292,bird
3298,bird
3300,bird
3302,bird
3310,bird
3322,bird
3326,bird
3332,bird
3339,bird
3340,bird
3350,bird
3369,bird
3373,bird
3391,bird
3396,bird
3403,bird
3417,bird
3418,bird
3424,bird
3429,bird
3437,bird
3441,bird
3447,bird
3455,bird
3456,bird
3463,bird
3475,bird
3477,bird
3481,bird
3485,bird
3489,bird
3507,bird
3509,bird
3512,bird
3518,bird
3521,bird
3536,bird
3559,bird
3570,bird
3584,bird
3587,bird
3609,bird
3611,bird
3627,bird
3630,bird
3640,bird
3646,bird
3663,bird
3664,bird
3670,bird
3674,bird
3676,bird
3693,bird
3694,bird
3709,bird
3761,bird
3770,bird
3772,bird
3787,bird
3792,bird
3797,bird
3815,bird
3846,bird
3848,bird
3849,bird
3857,bird
3870,bird
3890,bird
3902,bird
3945,bird
3962,bird
3964,bird
3983,bird
4009,bird
4013,bird
4015,bird
4018,bird
4024,bird
4035,bird
4039,bird
4053,bird
4057,bird
4071,bird
4086,bird
4091,bird
4092,bird
4110,bird
4114,bird
4117,bird
4123,bird
4139,bird
4155,bird
4169,bird
4184,bird
4187,bird
4190,bird
4197,bird
4199,bird
4210,bird
4212,bird
4221,bird
4229,bird
4238,bird
4243,bird
4258,bird
4294,bird
4307,bird
4343,bird
4352,bird
4357,bird
4368,bird
4371,bird
4373,bird
4376,bird
4377,bird
4379,bird
4399,bird
4419,bird
4426,bird
4427,bird
4432,bird
4454,bird
4456,bird
4472,bird
4483,bird
4492,bird
4494,bird
4512,bird
4519,bird
4522,bird
4526,bird
4527,bird
4550,bird
4584,bird
4589,bird
4599,bird
4605,bird
4609,bird
4617,bird
4621,bird
4634,bird
4635,bird
4648,bird
4657,bird
4678,bird
4680,bird
4701,bird
4704,bird
4720,bird
4728,bird
4731,bird
4733,bird
4749,bird
4756,bird
4772,bird
4777,bird
4778,bird
4807,bird
4812,bird
4820,bird
4831,bird
4842,bird
4854,bird
4881,bird
4889,bird
4896,bird
4897,bird
4903,bird
4931,bird
4932,bird
4972,bird
4977,bird
5006,bird
5013,bird
5017,bird
5027,bird
5065,bird
5088,bird
5097,bird
5112,bird
5119,bird
5124,bird
5128,bird
5132,bird
5133,bird
5151,bird
5152,bird
5166,bird
5167,bird
5185,bird
5190,bird
5205,bird
5216,bird
5220,bird
5227,bird
5239,bird
5241,bird
5249,bird
5253,bird
5282,bird
5291,bird
5295,bird
5297,bird
5300,bird
5310,bird
5334,bird
5341,bird
5344,bird
5371,bird
5385,bird
5387,bird
5407,bird
5411,bird
5416,bird
5418,bird
5445,bird
5472,bird
5507,bird
5528,bird
5532,bird
5536,bird
5538,bird
5541,bird
5551,bird
5555,bird
5572,bird
5575,bird
5576,bird
5577,bird
5585,bird
5604,bird
5610,bird
5619,bird
5635,bird
5639,bird
5640,bird
5648,bird
5657,bird
5661,bird
5687,bird
5708,bird
5713,bird
5716,bird
5718,bird
5725,bird
5728,bird
5747,bird
5759,bird
5763,bird
5774,bird
5782,bird
5818,bird
5819,bird
5825,bird
5826,bird
5837,bird
5848,bird
5863,bird
5868,bird
5872,bird
5890,bird
5893,bird
5902,bird
5904,bird
5914,bird
5923,bird
5927,bird
5934,bird
5968,bird
5980,bird
5991,bird
5993,bird
6012,bird
6019,bird
6020,bird
6024,bird
6027,bird
6029,bird
6042,bird
6064,bird
6070,bird
6074,bird
6082,bird
6098,bird
6107,bird
6127,bird
6134,bird
6147,bird
6157,bird
6178,bird
6210,bird
6211,bird
6228,bird
6229,bird
6231,bird
6237,bird
6266,bird
6297,bird
6306,bird
6316,bird
6318,bird
6324,bird
6328,bird
6335,bird
6342,bird
6360,bird
6363,bird
6370,bird
6389,bird
6391,bird
6393,bird
6409,bird
6413,bird
6415,bird
6428,bird
6446,bird
6449,bird
6462,bird
6468,bird
6470,bird
6478,bird
6485,bird
6489,bird
6500,bird
6503,bird
6521,bird
6543,bird
6548,bird
6550,bird
6559,bird
6584,bird
6594,bird
6607,bird
6615,bird
6617,bird
6622,bird
6627,bird
6629,bird
6635,bird
6639,bird
6649,bird
6661,bird
6686,bird
6692,bird
6705,bird
6739,bird
6745,bird
6758,bird
6773,bird
6775,bird
6800,bird
6802,bird
6803,bird
6806,bird
6817,bird
6837,bird
6844,bird
6857,bird
6858,bird
6885,bird
6887,bird
6902,bird
6918,bird
6922,bird
6928,bird
6945,bird
6947,bird
6957,bird
6964,bird
6971,bird
6977,bird
6997,bird
7009,bird
7010,bird
7027,bird
7038,bird
7039,bird
7048,bird
7057,bird
7069,bird
7075,bird
7090,bird
7099,bird
7107,bird
7117,bird
7136,bird
7137,bird
7147,bird
7152,bird
7166,bird
7167,bird
7179,bird
7185,bird
7195,bird
7210,bird
7212,bird
7217,bird
7218,bird
7259,bird
7276,bird
7280,bird
7299,bird
7304,bird
7309,bird
7331,bird
7333,bird
7337,bird
7341,bird
7364,bird
7381,bird
7398,bird
7411,bird
7450,bird
7453,bird
7466,bird
7467,bird
7478,bird
7481,bird
7522,bird
7523,bird
7526,bird
7543,bird
7553,bird
7556,bird
7577,bird
7587,bird
7590,bird
7597,bird
7617,bird
7634,bird
7636,bird
7645,bird
7654,bird
7659,bird
7662,bird
7663,bird
7665,bird
7689,bird
7697,bird
7714,bird
7715,bird
7740,bird
7742,bird
7746,bird
7762,bird
7767,bird
7784,bird
7798,bird
7808,bird
7841,bird
7845,bird
7851,bird
7854,bird
7859,bird
7869,bird
7878,bird
7879,bird
7883,bird
7889,bird
7891,bird
7898,bird
7906,bird
7920,bird
7930,bird
7943,bird
7949,bird
7952,bird
7953,bird
7963,bird
7975,bird
8011,bird
8017,bird
8018,bird
8020,bird
8025,bird
8026,bird
8033,bird
8038,bird
8044,bird
8056,bird
8066,bird
8078,bird
8082,bird
8093,bird
8101,bird
8113,bird
8122,bird
8145,bird
8149,bird
8158,bird
8166,bird
8167,bird
8170,bird
8173,bird
8174,bird
8179,bird
8183,bird
8187,bird
8193,bird
8196,bird
8219,bird
8220,bird
8235,bird
8238,bird
8265,bird
8276,bird
8281,bird
8305,bird
8315,bird
8322,bird
8323,bird
8325,bird
8334,bird
8341,bird
8342,bird
8348,bird
8363,bird
8367,bird
8378,bird
8396,bird
8412,bird
8419,bird
8439,bird
8441,bird
8455,bird
8460,bird
8478,bird
8483,bird
8486,bird
8519,bird
8529,bird
8531,bird
8535,bird
8537,bird
8544,bird
8586,bird
8611,bird
8617,bird
8628,bird
8635,bird
8642,bird
8670,bird
8677,bird
8683,bird
8707,bird
8714,bird
8727,bird
8737,bird
8741,bird
8751,bird
8768,bird
8771,bird
8777,bird
8781,bird
8790,bird
8799,bird
8801,bird
8820,bird
8844,bird
8845,bird
8863,bird
8866,bird
8872,bird
8875,bird
8882,bird
8889,bird
8937,bird
8958,bird
8968,bird
8991,bird
9002,bird
9003,bird
9012,bird
9017,bird
9034,bird
9039,bird
9048,bird
9054,bird
9068,bird
9079,bird
9090,bird
9094,bird
9102,bird
9115,bird
9138,bird
9145,bird
9151,bird
9152,bird
9163,bird
9169,bird
9173,bird
9176,bird
9192,bird
9195,bird
9200,bird
9204,bird
9216,bird
9218,bird
9228,bird
9241,bird
9250,bird
9256,bird
9273,bird
9291,bird
9298,bird
9300,bird
9314,bird
9320,bird
9331,bird
9334,bird
9342,bird
9349,bird
9351,bird
9355,bird
9369,bird
9387,bird
9404,bird
9405,bird
9409,bird
9421,bird
9425,bird
9438,bird
9441,bird
9447,bird
9449,bird
9456,bird
9464,bird
9476,bird
9485,bird
9499,bird
9504,bird
9519,bird
9520,bird
9521,bird
9524,bird
9527,bird
9553,bird
9554,bird
9557,bird
9559,bird
9560,bird
9578,bird
9580,bird
9581,bird
9586,bird
9589,bird
9590,bird
9598,bird
9604,bird
9630,bird
9632,bird
9636,bird
9640,bird
1,frog
20,frog
23,frog
24,frog
26,frog
73,frog
96,frog
104,frog
105,frog
118,frog
125,frog
126,frog
133,frog
144,frog
152,frog
155,frog
165,frog
188,frog
201,frog
205,frog
210,frog
211,frog
225,frog
229,frog
232,frog
233,frog
235,frog
236,frog
243,frog
244,frog
246,frog
249,frog
250,frog
287,frog
293,frog
299,frog
314,frog
327,frog
328,frog
348,frog
351,frog
352,frog
356,frog
362,frog
369,frog
388,frog
410,frog
438,frog
452,frog
453,frog
465,frog
474,frog
489,frog
526,frog
530,frog
533,frog
553,frog
557,frog
572,frog
588,frog
589,frog
592,frog
620,frog
621,frog
626,frog
634,frog
641,frog
646,frog
652,frog
656,frog
668,frog
681,frog
683,frog
693,frog
711,frog
719,frog
721,frog
722,frog
729,frog
739,frog
746,frog
756,frog
771,frog
782,frog
808,frog
819,frog
820,frog
837,frog
838,frog
839,frog
855,frog
863,frog
864,frog
897,frog
900,frog
904,frog
915,frog
921,frog
922,frog
924,frog
930,frog
932,frog
936,frog
938,frog
961,frog
962,frog
986,frog
1014,frog
1017,frog
1018,frog
1024,frog
1028,frog
1032,frog
1036,frog
1039,frog
1048,frog
1052,frog
1054,frog
1064,frog
1086,frog
1102,frog
1127,frog
1132,frog
1133,frog
1155,frog
1156,frog
1160,frog
1162,frog
1176,frog
1177,frog
1192,frog
1193,frog
1195,frog
1211,frog
1221,frog
1223,frog
1229,frog
1238,frog
1247,frog
1249,frog
1260,frog
1318,frog
1319,frog
1328,frog
1343,frog
1361,frog
1363,frog
1368,frog
1372,frog
1375,frog
1394,frog
1403,frog
1404,frog
1421,frog
1437,frog
1448,frog
1454,frog
1485,frog
1486,frog
1530,frog
1532,frog
1537,frog
1538,frog
1551,frog
1553,frog
1564,frog
1580,frog
1585,frog
1586,frog
1597,frog
1614,frog
1628,frog
1629,frog
1636,frog
1638,frog
1643,frog
1647,frog
1679,frog
1688,frog
1691,frog
1723,frog
1731,frog
1734,frog
1742,frog
1744,frog
1761,frog
1762,frog
1767,frog
1803,frog
1808,frog
1810,frog
1820,frog
1837,frog
1838,frog
1843,frog
1875,frog
1877,frog
1918,frog
1934,frog
1945,frog
1949,frog
1956,frog
1957,frog
1960,frog
1979,frog
1983,frog
1990,frog
2020,frog
2041,frog
2044,frog
2051,frog
2100,frog
2101,frog
2112,frog
2113,frog
2116,frog
2125,frog
2135,frog
2147,frog
2151,frog
2153,frog
2160,frog
2180,frog
2204,frog
2223,frog
2227,frog
2240,frog
2242,frog
2253,frog
2268,frog
2275,frog
2277,frog
2289,frog
2296,frog
2297,frog
2300,frog
2311,frog
2337,frog
2357,frog
2365,frog
2370,frog
2401,frog
2408,frog
2410,frog
2412,frog
2425,frog
2440,frog
2476,frog
2480,frog
2495,frog
2504,frog
2511,frog
2518,frog
2520,frog
2537,frog
2543,frog
2557,frog
2567,frog
2572,frog
2584,frog
2597,frog
2603,frog
2606,frog
2608,frog
2619,frog
2624,frog
2626,frog
2632,frog
2639,frog
2651,frog
2654,frog
2675,frog
2682,frog
2685,frog
2691,frog
2695,frog
2698,frog
2714,frog
2730,frog
2752,frog
2775,frog
2778,frog
2787,frog
2797,frog
2811,frog
2823,frog
2832,frog
2837,frog
2867,frog
2872,frog
2873,frog
2875,frog
2889,frog
2894,frog
2899,frog
2910,frog
2916,frog
2925,frog
2926,frog
2938,frog
2940,frog
2942,frog
2956,frog
2966,frog
2969,frog
2971,frog
2973,frog
2979,frog
2990,frog
2993,frog
2998,frog
2999,frog
3005,frog
3011,frog
3019,frog
3034,frog
3042,frog
3049,frog
3071,frog
3092,frog
3096,frog
3097,frog
3099,frog
3107,frog
3112,frog
3123,frog
3140,frog
3155,frog
3169,frog
3193,frog
3201,frog
3204,frog
3208,frog
3224,frog
3228,frog
3242,frog
3244,frog
3263,frog
3267,frog
3291,frog
3308,frog
3312,frog
3324,frog
3342,frog
3370,frog
3402,frog
3404,frog
3412,frog
3413,frog
3436,frog
3438,frog
3440,frog
3459,frog
3471,frog
3501,frog
3505,frog
3522,frog
3526,frog
3529,frog
3531,frog
3533,frog
3555,frog
3564,frog
3568,frog
3589,frog
3590,frog
3591,frog
3594,frog
3604,frog
3622,frog
3632,frog
3637,frog
3656,frog
3657,frog
3677,frog
3683,frog
3684,frog
3687,frog
3699,frog
3708,frog
3711,frog
3713,frog
3717,frog
3725,frog
3730,frog
3731,frog
3740,frog
3743,frog
3755,frog
3776,frog
3781,frog
3784,frog
3805,frog
3806,frog
3810,frog
3824,frog
3826,frog
3827,frog
3834,frog
3842,frog
3850,frog
3862,frog
3866,frog
3874,frog
3893,frog
3913,frog
3927,frog
3943,frog
3944,frog
3948,frog
3977,frog
3987,frog
3992,frog
3995,frog
4016,frog
4023,frog
4027,frog
4032,frog
4036,frog
4063,frog
4065,frog
4078,frog
4083,frog
4087,frog
4095,frog
4096,frog
4106,frog
4119,frog
4124,frog
4127,frog
4131,frog
4144,frog
4145,frog
4148,frog
4149,frog
4153,frog
4168,frog
4182,frog
4191,frog
4195,frog
4202,frog
4209,frog
4218,frog
4235,frog
4236,frog
4268,frog
4277,frog
4279,frog
4280,frog
4285,frog
4310,frog
4325,frog
4378,frog
4390,frog
4392,frog
4404,frog
4405,frog
4410,frog
4416,frog
4418,frog
4422,frog
4431,frog
4435,frog
4441,frog
4451,frog
4453,frog
4489,frog
4547,frog
4551,frog
4569,frog
4571,frog
4591,frog
4597,frog
4606,frog
4607,frog
4638,frog
4645,frog
4660,frog
4664,frog
4669,frog
4679,frog
4683,frog
4686,frog
4694,frog
4732,frog
4735,frog
4752,frog
4753,frog
4767,frog
4768,frog
4771,frog
4786,frog
4787,frog
4790,frog
4793,frog
4806,frog
4811,frog
4814,frog
4825,frog
4832,frog
4844,frog
4871,frog
4876,frog
4878,frog
4882,frog
4900,frog
4905,frog
4908,frog
4912,frog
4927,frog
4938,frog
4947,frog
4948,frog
4949,frog
4952,frog
4960,frog
4967,frog
4981,frog
5000,frog
5001,frog
5020,frog
5021,frog
5023,frog
5026,frog
5033,frog
5042,frog
5056,frog
5060,frog
5067,frog
5082,frog
5086,frog
5096,frog
5110,frog
5123,frog
5125,frog
5135,frog
5143,frog
5149,frog
5160,frog
5168,frog
5170,frog
5177,frog
5178,frog
5183,frog
5207,frog
5224,frog
5231,frog
5264,frog
5269,frog
5292,frog
5293,frog
5303,frog
5309,frog
5319,frog
5339,frog
5354,frog
5356,frog
5360,frog
5362,frog
5375,frog
5376,frog
5377,frog
5381,frog
5382,frog
5399,frog
5403,frog
5410,frog
5420,frog
5425,frog
5430,frog
5436,frog
5444,frog
5457,frog
5475,frog
5490,frog
5498,frog
5509,frog
5514,frog
5523,frog
5527,frog
5559,frog
5583,frog
5584,frog
5589,frog
5597,frog
5600,frog
5637,frog
5662,frog
5680,frog
5681,frog
5683,frog
5690,frog
5695,frog
5709,frog
5712,frog
5719,frog
5724,frog
5729,frog
5741,frog
5746,frog
5764,frog
5786,frog
5790,frog
5797,frog
5834,frog
5846,frog
5858,frog
5879,frog
5880,frog
5883,frog
5899,frog
5901,frog
5908,frog
5913,frog
5922,frog
5965,frog
6001,frog
6004,frog
6006,frog
6026,frog
6036,frog
6047,frog
6094,frog
6096,frog
6097,frog
6102,frog
6108,frog
6119,frog
6126,frog
6128,frog
6146,frog
6149,frog
6173,frog
6180,frog
6194,frog
6214,frog
6225,frog
6247,frog
6253,frog
6255,frog
6263,frog
6268,frog
6274,frog
6278,frog
6291,frog
6295,frog
6298,frog
6301,frog
6337,frog
6351,frog
6368,frog
6392,frog
6396,frog
6407,frog
6417,frog
6418,frog
6443,frog
6448,frog
6452,frog
6455,frog
6464,frog
6472,frog
6474,frog
6487,frog
6501,frog
6507,frog
6511,frog
6518,frog
6522,frog
6524,frog
6527,frog
6537,frog
6538,frog
6546,frog
6549,frog
6552,frog
6555,frog
6567,frog
6573,frog
6579,frog
6582,frog
6583,frog
6593,frog
6600,frog
6621,frog
6646,frog
6648,frog
6665,frog
6673,frog
6687,frog
6713,frog
6722,frog
6723,frog
6742,frog
6746,frog
6748,frog
6750,frog
6751,frog
6755,frog
6756,frog
6769,frog
6778,frog
6796,frog
6805,frog
6811,frog
6825,frog
6827,frog
6830,frog
6833,frog
6855,frog
6860,frog
6889,frog
6894,frog
6919,frog
6926,frog
6927,frog
6933,frog
6936,frog
6939,frog
6942,frog
6950,frog
6961,frog
6963,frog
6969,frog
6988,frog
7002,frog
7004,frog
7021,frog
7026,frog
7035,frog
7037,frog
7042,frog
7045,frog
7065,frog
7071,frog
7074,frog
7085,frog
7092,frog
7093,frog
7134,frog
7138,frog
7144,frog
7160,frog
7173,frog
7176,frog
7191,frog
7203,frog
7216,frog
7227,frog
7233,frog
7240,frog
7243,frog
7248,frog
7251,frog
7253,frog
7255,frog
7258,frog
7265,frog
7266,frog
7268,frog
7273,frog
7278,frog
7279,frog
7316,frog
7317,frog
7322,frog
7336,frog
7340,frog
7342,frog
7349,frog
7389,frog
7393,frog
7394,frog
7404,frog
7423,frog
7459,frog
7474,frog
7482,frog
7487,frog
7492,frog
7517,frog
7525,frog
7539,frog
7542,frog
7550,frog
7554,frog
7576,frog
7592,frog
7633,frog
7639,frog
7649,frog
7651,frog
7670,frog
7676,frog
7702,frog
7706,frog
7711,frog
7716,frog
7721,frog
7733,frog
7755,frog
7763,frog
7796,frog
7800,frog
7807,frog
7821,frog
7824,frog
7825,frog
7826,frog
7844,frog
7849,frog
7861,frog
7867,frog
7868,frog
7882,frog
7900,frog
7912,frog
7917,frog
7919,frog
7928,frog
7938,frog
7951,frog
7959,frog
7960,frog
7965,frog
7968,frog
7969,frog
7976,frog
7977,frog
7983,frog
7994,frog
7995,frog
8003,frog
8009,frog
8010,frog
8016,frog
8022,frog
8034,frog
8035,frog
8054,frog
8061,frog
8064,frog
8070,frog
8072,frog
8085,frog
8092,frog
8109,frog
8129,frog
8171,frog
8172,frog
8195,frog
8207,frog
8213,frog
8216,frog
8221,frog
8232,frog
8254,frog
8257,frog
8294,frog
8310,frog
8336,frog
8345,frog
8364,frog
8394,frog
8432,frog
8434,frog
8437,frog
8443,frog
8447,frog
8461,frog
8467,frog
8475,frog
8493,frog
8510,frog
8514,frog
8515,frog
8528,frog
8539,frog
8546,frog
8553,frog
8558,frog
8565,frog
8584,frog
8590,frog
8598,frog
8604,frog
8612,frog
8613,frog
8618,frog
8634,frog
8648,frog
8652,frog
8680,frog
8698,frog
8700,frog
8704,frog
8705,frog
8710,frog
8735,frog
8738,frog
8764,frog
8804,frog
8816,frog
8817,frog
8821,frog
8828,frog
8829,frog
8833,frog
8868,frog
8873,frog
8874,frog
8878,frog
8892,frog
8938,frog
8943,frog
8950,frog
8951,frog
8957,frog
8959,frog
8980,frog
8984,frog
8992,frog
9022,frog
9023,frog
9030,frog
9046,frog
9051,frog
9085,frog
9088,frog
9091,frog
9099,frog
9104,frog
9113,frog
9126,frog
9127,frog
9131,frog
9132,frog
9143,frog
9159,frog
9162,frog
9171,frog
9181,frog
9198,frog
9199,frog
9201,frog
9209,frog
9220,frog
9234,frog
9238,frog
9239,frog
9242,frog
9246,frog
9247,frog
9257,frog
9276,frog
9279,frog
9304,frog
9321,frog
9322,frog
9324,frog
9340,frog
9357,frog
9361,frog
9368,frog
9382,frog
9407,frog
9415,frog
9417,frog
9424,frog
9429,frog
9432,frog
9458,frog
9469,frog
9478,frog
9482,frog
9483,frog
9516,frog
9522,frog
9531,frog
9544,frog
9552,frog
9555,frog
9576,frog
9626,frog
9637,frog
9654,frog
9663,frog
9680,frog
9682,frog
9707,frog
9710,frog
9728,frog
9733,frog
9737,frog
9743,frog
9754,frog
9757,frog
9759,frog
9763,frog
9765,frog
10,cat
18,cat
22,cat
27,cat
34,cat
37,cat
39,cat
40,cat
60,cat
75,cat
79,cat
81,cat
92,cat
102,cat
142,cat
143,cat
151,cat
160,cat
170,cat
175,cat
198,cat
204,cat
208,cat
230,cat
242,cat
252,cat
254,cat
259,cat
267,cat
288,cat
315,cat
316,cat
332,cat
334,cat
335,cat
343,cat
368,cat
371,cat
378,cat
385,cat
396,cat
417,cat
446,cat
447,cat
477,cat
480,cat
495,cat
518,cat
549,cat
551,cat
584,cat
598,cat
604,cat
619,cat
630,cat
639,cat
640,cat
679,cat
685,cat
686,cat
692,cat
703,cat
718,cat
731,cat
741,cat
775,cat
777,cat
786,cat
789,cat
793,cat
802,cat
806,cat
807,cat
810,cat
846,cat
847,cat
851,cat
858,cat
862,cat
866,cat
870,cat
879,cat
883,cat
896,cat
923,cat
942,cat
950,cat
956,cat
970,cat
993,cat
996,cat
999,cat
1003,cat
1011,cat
1026,cat
1031,cat
1042,cat
1049,cat
1056,cat
1058,cat
1060,cat
1071,cat
1075,cat
1077,cat
1099,cat
1101,cat
1105,cat
1110,cat
1121,cat
1122,cat
1125,cat
1128,cat
1129,cat
1151,cat
1161,cat
1165,cat
1197,cat
1203,cat
1209,cat
1253,cat
1258,cat
1266,cat
1272,cat
1282,cat
1287,cat
1317,cat
1322,cat
1346,cat
1352,cat
1359,cat
1364,cat
1369,cat
1406,cat
1427,cat
1428,cat
1450,cat
1462,cat
1488,cat
1497,cat
1500,cat
1511,cat
1512,cat
1529,cat
1535,cat
1540,cat
1547,cat
1554,cat
1555,cat
1556,cat
1557,cat
1569,cat
1574,cat
1604,cat
1609,cat
1626,cat
1656,cat
1659,cat
1686,cat
1697,cat
1701,cat
1704,cat
1711,cat
1724,cat
1736,cat
1738,cat
1770,cat
1773,cat
1779,cat
1786,cat
1804,cat
1816,cat
1824,cat
1835,cat
1840,cat
1842,cat
1846,cat
1847,cat
1857,cat
1865,cat
1880,cat
1889,cat
1893,cat
1896,cat
1898,cat
1917,cat
1920,cat
1939,cat
1952,cat
1959,cat
1962,cat
1963,cat
1964,cat
1966,cat
1967,cat
1970,cat
2012,cat
2026,cat
2043,cat
2049,cat
2052,cat
2058,cat
2069,cat
2083,cat
2084,cat
2093,cat
2128,cat
2131,cat
2133,cat
2138,cat
2142,cat
2155,cat
2163,cat
2165,cat
2166,cat
2169,cat
2175,cat
2182,cat
2198,cat
2199,cat
2224,cat
2255,cat
2271,cat
2280,cat
2308,cat
2313,cat
2325,cat
2327,cat
2338,cat
2349,cat
2354,cat
2360,cat
2376,cat
2377,cat
2384,cat
2387,cat
2405,cat
2407,cat
2413,cat
2415,cat
2426,cat
2433,cat
2444,cat
2448,cat
2453,cat
2502,cat
2506,cat
2519,cat
2522,cat
2526,cat
2528,cat
2531,cat
2560,cat
2563,cat
2565,cat
2566,cat
2582,cat
2595,cat
2607,cat
2628,cat
2649,cat
2650,cat
2666,cat
2669,cat
2697,cat
2700,cat
2724,cat
2739,cat
2740,cat
2767,cat
2771,cat
2782,cat
2783,cat
2786,cat
2810,cat
2866,cat
2877,cat
2893,cat
2904,cat
2931,cat
2932,cat
2934,cat
2945,cat
2948,cat
2983,cat
2987,cat
3001,cat
3004,cat
3017,cat
3027,cat
3044,cat
3053,cat
3058,cat
3082,cat
3085,cat
3088,cat
3101,cat
3106,cat
3109,cat
3110,cat
3111,cat
3126,cat
3135,cat
3173,cat
3178,cat
3179,cat
3189,cat
3191,cat
3195,cat
3202,cat
3219,cat
3221,cat
3223,cat
3243,cat
3249,cat
3287,cat
3288,cat
3290,cat
3303,cat
3321,cat
3329,cat
3341,cat
3352,cat
3356,cat
3366,cat
3372,cat
3374,cat
3377,cat
3386,cat
3392,cat
3430,cat
3448,cat
3458,cat
3462,cat
3473,cat
3476,cat
3487,cat
3491,cat
3515,cat
3525,cat
3547,cat
3551,cat
3552,cat
3553,cat
3566,cat
3569,cat
3572,cat
3576,cat
3592,cat
3595,cat
3616,cat
3618,cat
3647,cat
3651,cat
3655,cat
3680,cat
3704,cat
3710,cat
3729,cat
3750,cat
3757,cat
3759,cat
3763,cat
3764,cat
3773,cat
3786,cat
3788,cat
3793,cat
3796,cat
3802,cat
3808,cat
3814,cat
3819,cat
3835,cat
3844,cat
3864,cat
3865,cat
3871,cat
3876,cat
3889,cat
3906,cat
3911,cat
3928,cat
3957,cat
3998,cat
4008,cat
4011,cat
4021,cat
4026,cat
4034,cat
4073,cat
4074,cat
4084,cat
4088,cat
4090,cat
4099,cat
4103,cat
4109,cat
4111,cat
4118,cat
4125,cat
4129,cat
4140,cat
4147,cat
4150,cat
4152,cat
4167,cat
4175,cat
4178,cat
4180,cat
4198,cat
4222,cat
4244,cat
4267,cat
4269,cat
4289,cat
4295,cat
4303,cat
4309,cat
4311,cat
4330,cat
4337,cat
4347,cat
4350,cat
4351,cat
4362,cat
4389,cat
4393,cat
4403,cat
4406,cat
4415,cat
4423,cat
4429,cat
4436,cat
4438,cat
4440,cat
4450,cat
4463,cat
4466,cat
4473,cat
4476,cat
4482,cat
4484,cat
4485,cat
4516,cat
4520,cat
4531,cat
4532,cat
4543,cat
4559,cat
4565,cat
4570,cat
4582,cat
4629,cat
4631,cat
4658,cat
4670,cat
4673,cat
4675,cat
4698,cat
4721,cat
4738,cat
4746,cat
4761,cat
4773,cat
4792,cat
4797,cat
4800,cat
4828,cat
4830,cat
4836,cat
4837,cat
4848,cat
4856,cat
4877,cat
4888,cat
4909,cat
4913,cat
4916,cat
4922,cat
4935,cat
4951,cat
4955,cat
4964,cat
4983,cat
4985,cat
4995,cat
5007,cat
5008,cat
5009,cat
5018,cat
5024,cat
5047,cat
5054,cat
5063,cat
5066,cat
5073,cat
5081,cat
5087,cat
5089,cat
5098,cat
5107,cat
5108,cat
5111,cat
5114,cat
5129,cat
5130,cat
5148,cat
5163,cat
5184,cat
5191,cat
5193,cat
5210,cat
5219,cat
5222,cat
5243,cat
5261,cat
5278,cat
5320,cat
5322,cat
5330,cat
5355,cat
5390,cat
5401,cat
5408,cat
5424,cat
5426,cat
5431,cat
5446,cat
5451,cat
5456,cat
5474,cat
5476,cat
5479,cat
5480,cat
5493,cat
5494,cat
5503,cat
5508,cat
5521,cat
5535,cat
5540,cat
5542,cat
5546,cat
5554,cat
5579,cat
5587,cat
5593,cat
5599,cat
5602,cat
5611,cat
5616,cat
5665,cat
5679,cat
5706,cat
5714,cat
5721,cat
5726,cat
5734,cat
5742,cat
5745,cat
5798,cat
5800,cat
5801,cat
5824,cat
5839,cat
5849,cat
5857,cat
5860,cat
5871,cat
5877,cat
5878,cat
5897,cat
5915,cat
5916,cat
5919,cat
5943,cat
5946,cat
5964,cat
5967,cat
5981,cat
6015,cat
6031,cat
6046,cat
6061,cat
6062,cat
6071,cat
6072,cat
6080,cat
6090,cat
6109,cat
6136,cat
6152,cat
6163,cat
6168,cat
6170,cat
6186,cat
6187,cat
6199,cat
6200,cat
6201,cat
6206,cat
6208,cat
6209,cat
6218,cat
6224,cat
6230,cat
6257,cat
6264,cat
6285,cat
6305,cat
6307,cat
6310,cat
6320,cat
6325,cat
6331,cat
6333,cat
6344,cat
6349,cat
6352,cat
6369,cat
6386,cat
6395,cat
6403,cat
6405,cat
6406,cat
6423,cat
6431,cat
6434,cat
6459,cat
6463,cat
6467,cat
6483,cat
6491,cat
6492,cat
6493,cat
6494,cat
6497,cat
6508,cat
6512,cat
6541,cat
6556,cat
6557,cat
6558,cat
6568,cat
6575,cat
6585,cat
6586,cat
6591,cat
6596,cat
6597,cat
6603,cat
6608,cat
6619,cat
6620,cat
6636,cat
6638,cat
6650,cat
6659,cat
6670,cat
6675,cat
6685,cat
6691,cat
6701,cat
6715,cat
6717,cat
6725,cat
6730,cat
6733,cat
6743,cat
6754,cat
6759,cat
6768,cat
6783,cat
6784,cat
6788,cat
6791,cat
6813,cat
6838,cat
6848,cat
6850,cat
6856,cat
6869,cat
6873,cat
6884,cat
6903,cat
6906,cat
6911,cat
6914,cat
6915,cat
6931,cat
6937,cat
6946,cat
6962,cat
6981,cat
6982,cat
6995,cat
7005,cat
7007,cat
7050,cat
7051,cat
7064,cat
7066,cat
7076,cat
7087,cat
7108,cat
7122,cat
7123,cat
7124,cat
7126,cat
7129,cat
7133,cat
7139,cat
7143,cat
7154,cat
7162,cat
7172,cat
7181,cat
7201,cat
7206,cat
7214,cat
7221,cat
7225,cat
7229,cat
7231,cat
7235,cat
7236,cat
7254,cat
7260,cat
7269,cat
7291,cat
7308,cat
7310,cat
7314,cat
7319,cat
7344,cat
7347,cat
7356,cat
7368,cat
7370,cat
7390,cat
7412,cat
7413,cat
7427,cat
7428,cat
7433,cat
7440,cat
7461,cat
7468,cat
7470,cat
7475,cat
7479,cat
7484,cat
7486,cat
7488,cat
7490,cat
7493,cat
7494,cat
7499,cat
7501,cat
7502,cat
7518,cat
7520,cat
7533,cat
7534,cat
7540,cat
7552,cat
7567,cat
7568,cat
7585,cat
7594,cat
7604,cat
7616,cat
7652,cat
7666,cat
7668,cat
7672,cat
7681,cat
7682,cat
7690,cat
7720,cat
7735,cat
7750,cat
7754,cat
7766,cat
7769,cat
7772,cat
7790,cat
7803,cat
7804,cat
7805,cat
7813,cat
7815,cat
7836,cat
7838,cat
7840,cat
7853,cat
7870,cat
7873,cat
7894,cat
7907,cat
7910,cat
7925,cat
7929,cat
7932,cat
7933,cat
7947,cat
7988,cat
7998,cat
8000,cat
8001,cat
8012,cat
8014,cat
8029,cat
8030,cat
8031,cat
8042,cat
8055,cat
8057,cat
8068,cat
8083,cat
8089,cat
8102,cat
8105,cat
8106,cat
8123,cat
8134,cat
8140,cat
8152,cat
8154,cat
8159,cat
8162,cat
8163,cat
8165,cat
8180,cat
8184,cat
8194,cat
8211,cat
8225,cat
8247,cat
8252,cat
8256,cat
8260,cat
8263,cat
8267,cat
8286,cat
8287,cat
8289,cat
8303,cat
8320,cat
8331,cat
8337,cat
8350,cat
8357,cat
8371,cat
8381,cat
8382,cat
8386,cat
8387,cat
8409,cat
8421,cat
8423,cat
8435,cat
8468,cat
8504,cat
8508,cat
8521,cat
8593,cat
8599,cat
8600,cat
8607,cat
8610,cat
8630,cat
8636,cat
8646,cat
8650,cat
8657,cat
8681,cat
8687,cat
8711,cat
8712,cat
8715,cat
8723,cat
8739,cat
8740,cat
8761,cat
8762,cat
8782,cat
8787,cat
8791,cat
8809,cat
8823,cat
8840,cat
8847,cat
8864,cat
8865,cat
8877,cat
8881,cat
8909,cat
8917,cat
8919,cat
8944,cat
8948,cat
8963,cat
8975,cat
8979,cat
8987,cat
8989,cat
9006,cat
9007,cat
9009,cat
9021,cat
9025,cat
9035,cat
9041,cat
9052,cat
9053,cat
9061,cat
9074,cat
9082,cat
9101,cat
9108,cat
9112,cat
9121,cat
9129,cat
9130,cat
9136,cat
9146,cat
9153,cat
9157,cat
9164,cat
9165,cat
9167,cat
9174,cat
9183,cat
9184,cat
9186,cat
9223,cat
9229,cat
9249,cat
9284,cat
9292,cat
9294,cat
9299,cat
9301,cat
9305,cat
9306,cat
9308,cat
9312,cat
9333,cat
9335,cat
9339,cat
9344,cat
9346,cat
9358,cat
9372,cat
9394,cat
9395,cat
9399,cat
9400,cat
9406,cat
9422,cat
9430,cat
9480,cat
9486,cat
9490,cat
9565,cat
9571,cat
9575,cat
9592,cat
9601,cat
9610,cat
9613,cat
9614,cat
9625,cat
9633,cat
9648,cat
9657,cat
9668,cat
9671,cat
9695,cat
9701,cat
9703,cat
9711,cat
9721,cat
9738,cat
9739,cat
9753,cat
9761,cat
9784,cat
9793,cat
9795,cat
9818,cat
9831,cat
9842,cat
9843,cat
9847,cat
9857,cat
9866,cat
9893,cat
9898,cat
9905,cat
9909,cat
9910,cat
9913,cat
9915,cat
9927,cat
9928,cat
9931,cat
9944,cat
9945,cat
9969,cat
9971,cat
9974,cat
9977,cat
9983,cat
9996,cat
10006,cat
10012,cat
10018,cat
10022,cat
10045,cat
10049,cat
10067,cat
10071,cat
10086,cat
10102,cat
10126,cat
10127,cat
10136,cat
10138,cat
10144,cat
10178,cat
10183,cat
10187,cat
10190,cat
10193,cat
10194,cat
10210,cat
10245,cat
10255,cat
10256,cat
10294,cat
10305,cat
10311,cat
10321,cat
10322,cat
10323,cat
10330,cat
10342,cat
10384,cat
10415,cat
10419,cat
10428,cat
10431,cat
10440,cat
10442,cat
10453,cat
10455,cat
10463,cat
10464,cat
10465,cat
10469,cat
10489,cat
10493,cat
10502,cat
10507,cat
10509,cat
10519,cat
10528,cat
10535,cat
10558,cat
10559,cat
10566,cat
10576,cat
10588,cat
10596,cat
10612,cat
10619,cat
10620,cat
10635,cat
10654,cat
10706,cat
10723,cat
10732,cat
10746,cat
10747,cat
10750,cat
10753,cat
10754,cat
10771,cat
10785,cat
10789,cat
10810,cat
10815,cat
10826,cat
10844,cat
10855,cat
10858,cat
10870,cat
10871,cat
10884,cat
10919,cat
10930,cat
10932,cat
10938,cat
10943,cat
10949,cat
10950,cat
10959,cat
10961,cat
10968,cat
10982,cat
10994,cat
11000,cat
11012,cat
11026,cat
11027,cat
11029,cat
11041,cat
11048,cat
11053,cat
11056,cat
11068,cat
11080,cat
11104,cat
11106,cat
11120,cat
11121,cat
11132,cat
11184,cat
11189,cat
11193,cat
11196,cat
11200,cat
11206,cat
11212,cat
11223,cat
11232,cat
11235,cat
11237,cat
11258,cat
11269,cat
11272,cat
11292,cat
11294,cat
11295,cat
11308,cat
11321,cat
11325,cat
11334,cat
11338,cat
11340,cat
11345,cat
11354,cat
11358,cat
11360,cat
11365,cat
11367,cat
11371,cat
11380,cat
11387,cat
11388,cat
11390,cat
11410,cat
11420,cat
11435,cat
11448,cat
11450,cat
11459,cat
11477,cat
11478,cat
11481,cat
11493,cat
11499,cat
11513,cat
11532,cat
11535,cat
11541,cat
11545,cat
11557,cat
11565,cat
11569,cat
11579,cat
11597,cat
11618,cat
11624,cat
11626,cat
11629,cat
11633,cat
11640,cat
11654,cat
11656,cat
11669,cat
11681,cat
11715,cat
11719,cat
11725,cat
11728,cat
11737,cat
11739,cat
11740,cat
11744,cat
11753,cat
11759,cat
11761,cat
11764,cat
11765,cat
11806,cat
11810,cat
11837,cat
11856,cat
11859,cat
11865,cat
11869,cat
11875,cat
11895,cat
11903,cat
11930,cat
11939,cat
11961,cat
11970,cat
11971,cat
11977,cat
11999,cat
12008,cat
12014,cat
12017,cat
12033,cat
12034,cat
12040,cat
12043,cat
12046,cat
12051,cat
12077,cat
12092,cat
12097,cat
12106,cat
12112,cat
12114,cat
12119,cat
12146,cat
12148,cat
12156,cat
12175,cat
12191,cat
12196,cat
12212,cat
12216,cat
12217,cat
12226,cat
12238,cat
12242,cat
12256,cat
12279,cat
12290,cat
12305,cat
12317,cat
12330,cat
12333,cat
12343,cat
12367,cat
12371,cat
12378,cat
12383,cat
12387,cat
12392,cat
12426,cat
12429,cat
12437,cat
12441,cat
12450,cat
12451,cat
12455,cat
12476,cat
12501,cat
12518,cat
12529,cat
12547,cat
12553,cat
12559,cat
12596,cat
12599,cat
12602,cat
12613,cat
12619,cat
12632,cat
12640,cat
12643,cat
12648,cat
12672,cat
12674,cat
12682,cat
12708,cat
12751,cat
12759,cat
12777,cat
12781,cat
12784,cat
12787,cat
12799,cat
12812,cat
12816,cat
12822,cat
12824,cat
12838,cat
12854,cat
12871,cat
12873,cat
12883,cat
12887,cat
12905,cat
12944,cat
12953,cat
12954,cat
12957,cat
12966,cat
12967,cat
12970,cat
12972,cat
12974,cat
12989,cat
13002,cat
13014,cat
13020,cat
13054,cat
13062,cat
13063,cat
13065,cat
13083,cat
13086,cat
13090,cat
13092,cat
13094,cat
13095,cat
13168,cat
13171,cat
13190,cat
13202,cat
13203,cat
13205,cat
13206,cat
13222,cat
13223,cat
13236,cat
13248,cat
13254,cat
13255,cat
13260,cat
13282,cat
13288,cat
13298,cat
13303,cat
13314,cat
13329,cat
13330,cat
13331,cat
13350,cat
13372,cat
13394,cat
13397,cat
13440,cat
13444,cat
13447,cat
13459,cat
13464,cat
13472,cat
13503,cat
13519,cat
13531,cat
13534,cat
13542,cat
13553,cat
13561,cat
13582,cat
13585,cat
13591,cat
13594,cat
13596,cat
13602,cat
13603,cat
13613,cat
13631,cat
13654,cat
13662,cat
13679,cat
13687,cat
13689,cat
13701,cat
13726,cat
13734,cat
13749,cat
13751,cat
13794,cat
13812,cat
13814,cat
13823,cat
13825,cat
13827,cat
13831,cat
13858,cat
13863,cat
13874,cat
13908,cat
13914,cat
13915,cat
13919,cat
13926,cat
13929,cat
13932,cat
13942,cat
13954,cat
13958,cat
13972,cat
13977,cat
13987,cat
13992,cat
14015,cat
14019,cat
14031,cat
14032,cat
14033,cat
14048,cat
14065,cat
14071,cat
14090,cat
14092,cat
14108,cat
14109,cat
14116,cat
14119,cat
14123,cat
14126,cat
14149,cat
14156,cat
14162,cat
14172,cat
14188,cat
14226,cat
14231,cat
14233,cat
14235,cat
14238,cat
14240,cat
14254,cat
14265,cat
14270,cat
14283,cat
14290,cat
14298,cat
14314,cat
14316,cat
14322,cat
14331,cat
14341,cat
14345,cat
14369,cat
14374,cat
14381,cat
14387,cat
14420,cat
14423,cat
14455,cat
14467,cat
14486,cat
14492,cat
14495,cat
14512,cat
14527,cat
14528,cat
14537,cat
14544,cat
14555,cat
14559,cat
14569,cat
14575,cat
14576,cat
14579,cat
14581,cat
14591,cat
14606,cat
14624,cat
14648,cat
14652,cat
14675,cat
14686,cat
14703,cat
14704,cat
14707,cat
14710,cat
14731,cat
14736,cat
14752,cat
14780,cat
14795,cat
14801,cat
14818,cat
14821,cat
14862,cat
14920,cat
14921,cat
14925,cat
14937,cat
14939,cat
14942,cat
14943,cat
14963,cat
14969,cat
14973,cat
14987,cat
14994,cat
15011,cat
15017,cat
15054,cat
15058,cat
15081,cat
15084,cat
15107,cat
15109,cat
15123,cat
15128,cat
15130,cat
15139,cat
15146,cat
15155,cat
15157,cat
15170,cat
15176,cat
15182,cat
15203,cat
15211,cat
15218,cat
15225,cat
15227,cat
15229,cat
15235,cat
15247,cat
15248,cat
15252,cat
15266,cat
15267,cat
15270,cat
15279,cat
15280,cat
15285,cat
15299,cat
15301,cat
15306,cat
15312,cat
15314,cat
15322,cat
15336,cat
15342,cat
15346,cat
15362,cat
15373,cat
15384,cat
15389,cat
15393,cat
15398,cat
15412,cat
15413,cat
15418,cat
15422,cat
15445,cat
15449,cat
15454,cat
15468,cat
15471,cat
15472,cat
15494,cat
15524,cat
15546,cat
15556,cat
15563,cat
15596,cat
15604,cat
15615,cat
15641,cat
15642,cat
15643,cat
15660,cat
15683,cat
15707,cat
15715,cat
15740,cat
15742,cat
15754,cat
15767,cat
15779,cat
15794,cat
15795,cat
15800,cat
15808,cat
15819,cat
15820,cat
15827,cat
15830,cat
15835,cat
15837,cat
15845,cat
15855,cat
15857,cat
15859,cat
15861,cat
15873,cat
15874,cat
15877,cat
15878,cat
15883,cat
15913,cat
15938,cat
15942,cat
15954,cat
15955,cat
15958,cat
15968,cat
15975,cat
15997,cat
16014,cat
16015,cat
16019,cat
16036,cat
16071,cat
16120,cat
16121,cat
16131,cat
16132,cat
16155,cat
16158,cat
16165,cat
16191,cat
16210,cat
16229,cat
16232,cat
16244,cat
16272,cat
16274,cat
16285,cat
16290,cat
16296,cat
16297,cat
16302,cat
16309,cat
16323,cat
16336,cat
16340,cat
16342,cat
16346,cat
16361,cat
16364,cat
16365,cat
16367,cat
16402,cat
16406,cat
16412,cat
16419,cat
16422,cat
16428,cat
16433,cat
16439,cat
16450,cat
16453,cat
16496,cat
16503,cat
16523,cat
16527,cat
16529,cat
16537,cat
16539,cat
16548,cat
16562,cat
16574,cat
16584,cat
16587,cat
16605,cat
16620,cat
16628,cat
16629,cat
16636,cat
16647,cat
16657,cat
16662,cat
16681,cat
16704,cat
16706,cat
16715,cat
16723,cat
16732,cat
16741,cat
16747,cat
16752,cat
16755,cat
16759,cat
16760,cat
16781,cat
16788,cat
16792,cat
16797,cat
16806,cat
16809,cat
16815,cat
16818,cat
16828,cat
16838,cat
16852,cat
16865,cat
16870,cat
16872,cat
16873,cat
16905,cat
16908,cat
16929,cat
16933,cat
16947,cat
16951,cat
16972,cat
16984,cat
16988,cat
17004,cat
17019,cat
17025,cat
17037,cat
17042,cat
17047,cat
17048,cat
17052,cat
17054,cat
17059,cat
17063,cat
17068,cat
17075,cat
17097,cat
17099,cat
17105,cat
17125,cat
17138,cat
17145,cat
17156,cat
17165,cat
17185,cat
17196,cat
17215,cat
17244,cat
17252,cat
17293,cat